relative_path,label,file_sha256,source_group
noFight/nofi001.mp4,0,a2f34ed67204d3c4deda02d43d96ce0d6446fcbcfa334ef2dd37ee27ba08eec0,youtube::https://www.youtube.com/watch?v=7q6KJoSgxmY
noFight/nofi002.mp4,0,4b6454bf733c0892c643aeb1188821a262af3d0edd6c8fae086dbb48923bc42c,youtube::https://www.youtube.com/watch?v=7q6KJoSgxmY
noFight/nofi003.mp4,0,8fd0210d40b2f79a63500aab89deedad92daba6ad40953a41a60fcd050b26144,youtube::https://www.youtube.com/watch?v=7q6KJoSgxmY
noFight/nofi004.mp4,0,bad3d1707897050614b7c8f540bfe34fa99f820c2edd64c9cabc52d541b94c36,youtube::https://www.youtube.com/watch?v=8-cqrFXPEtY
noFight/nofi005.mp4,0,3a814d8a82f59b46fbafe80ae7a6fd423003f75d3d952a00e8f5b6a4363f06ad,youtube::https://www.youtube.com/watch?v=8-cqrFXPEtY
noFight/nofi006.mp4,0,91c1448ebc907328ee1603d827504a55d49f1cb1f7ce2f6ec13f3b82e18bfab5,youtube::https://www.youtube.com/watch?v=8VqTmuq4HcI
noFight/nofi007.mp4,0,ac6953734c2083a0beb1729fb12d5437c0c799408cd946f2c69a5ab5548b94be,youtube::https://www.youtube.com/watch?v=-9z5dwsPS-c
noFight/nofi008.mp4,0,423eee9d423ef88d8de2ba43b5eb28befe599762565592dd08f7020f0a492904,youtube::https://www.youtube.com/watch?v=-9z5dwsPS-c
noFight/nofi009.mp4,0,5c15e317593ad12647d64232208c4656a333e16f1ef7cae06349498a9986cc47,youtube::https://www.youtube.com/watch?v=dVi_8-NHquo
noFight/nofi010.mp4,0,514c33968d3302b22fc650e574217d261a3affe6bf87801b5634efcc7716e991,youtube::https://www.youtube.com/watch?v=DVi04Mxaz60
noFight/nofi011.mp4,0,2eb8e556df09f722d3cdcf7f160bf79e7aa899fcbb415c56ec41189e5678457d,youtube::https://www.youtube.com/watch?v=DVi04Mxaz60
noFight/nofi014.mp4,0,06f1f892879c3f35c57aad0212eb296541d3c711246ffa0f73be2d0b5407357f,youtube::https://www.youtube.com/watch?v=f8D5VFeTLK4
noFight/nofi015.mp4,0,ecb2ca5e9f048699563e104c97f21cdaa7dfcdb2301ce454ecd186f5a406b4da,youtube::https://www.youtube.com/watch?v=f8D5VFeTLK4
noFight/nofi019.mp4,0,c5651a694a23fd752afa5e767206b44eeb6b67cc8a94aecd57d8b01e3f8c174d,youtube::https://www.youtube.com/watch?v=g0x9-0pOuhw
noFight/nofi020.mp4,0,e05de8814c50c8a9efb4d7870b32bf7e3701250782be181e7a5add03871a163a,youtube::https://www.youtube.com/watch?v=g0x9-0pOuhw
noFight/nofi021.mp4,0,7b2f1ff007324aadcd7a91e1d5dfb1de41da7e839aac88914dd1e47c97b18898,youtube::https://www.youtube.com/watch?v=g0x9-0pOuhw
noFight/nofi022.mp4,0,2b7c55776c70f1f4f1cc6ad8751e00530e394dac631c4873ac4d77fbc1217d65,youtube::https://www.youtube.com/watch?v=g0x9-0pOuhw
noFight/nofi023.mp4,0,6b47c343b41d3331995ad5568cca42c097d03e64d7d59e04c1338f3866c9a643,youtube::https://www.youtube.com/watch?v=IZjLv7alWTk
noFight/nofi024.mp4,0,df6547d29cd23f9a7073294a4b9e100b834b254b725b889777dd36ffc7cc4c23,youtube::https://www.youtube.com/watch?v=IZjLv7alWTk
noFight/nofi025.mp4,0,ef7759c8cd20d96ec731085936821e3a1bd66469bc17fda973cbf8a003cc7f65,youtube::https://www.youtube.com/watch?v=IZjLv7alWTk
noFight/nofi026.mp4,0,60839f66d8f4425264d09dad13364f13bf47022a19c4286f5e9cb0b2d5c6f7a2,youtube::https://www.youtube.com/watch?v=jQeOqXpcKqg
noFight/nofi027.mp4,0,ac57ebafaf6dc5ac9fbb78681122135a5fed3e0f789e87f2cd1b5fefe2dd5e3d,youtube::https://www.youtube.com/watch?v=jQeOqXpcKqg
noFight/nofi028.mp4,0,1d1300f6f2027ec1ccdd48881240c0e6bd7832809db9b02babc6a179fa197c06,youtube::https://www.youtube.com/watch?v=KSybYlMepTE
noFight/nofi029.mp4,0,7c10daa45690314e71ca5eee077f0c47ef215b9d4d632d5804e93edc911f1cd6,youtube::https://www.youtube.com/watch?v=lmfaDmCCRoY
noFight/nofi030.mp4,0,573acfb58dd8af0da10c26be8059ab092b149c9a5ed13de22c4f8d50cfb61f75,youtube::https://www.youtube.com/watch?v=lmfaDmCCRoY
noFight/nofi031.mp4,0,e1ce1ed41389cdb5a20e7ffc21dfe95f9e6ed5d36849cb1729d7471a81435ca5,youtube::https://www.youtube.com/watch?v=lmfaDmCCRoY
noFight/nofi032.mp4,0,fb50af60961397c9863032326fa0dde577871bad1f7aae035b740ca4fb0ad9d1,youtube::https://www.youtube.com/watch?v=lmfaDmCCRoY
noFight/nofi033.mp4,0,7b3b682aa9aed913d46c483287dbb193c511a513a5a4787ef0df37cbd9fa22f7,youtube::https://www.youtube.com/watch?v=lmfaDmCCRoY
noFight/nofi034.mp4,0,9cb49614c401351ba2f1379a9efa1f2488c60789541922c01dc2bc74201969be,youtube::https://www.youtube.com/watch?v=lUXfWnnCxyY
noFight/nofi035.mp4,0,8586aaaa09e4500a30a263ca98837373ef505f41a94850de97feb2fdb1f8a746,youtube::https://www.youtube.com/watch?v=lUXfWnnCxyY
noFight/nofi037.mp4,0,7a8b23a1e050a4115437e43a2b6336bb40395cf42dcc17049cfa15d803322e17,youtube::https://www.youtube.com/watch?v=No36fPv4zUw
noFight/nofi038.mp4,0,15fdd077da07d09d8a5a411a39b921258d671238b813f97d118ee8753fb6d1b2,youtube::https://www.youtube.com/watch?v=No36fPv4zUw
noFight/nofi039.mp4,0,1553af7945cfc59247af4977205cf83c5ad055ae8f8818816cad811780d6cd80,youtube::https://www.youtube.com/watch?v=No36fPv4zUw
noFight/nofi040.mp4,0,18563fd134af0ffc7a92676a3f599f7f14ed56eb462af52e2e64c6844000b7b0,youtube::https://www.youtube.com/watch?v=No36fPv4zUw
noFight/nofi041.mp4,0,4629973f44e0f92fed101001584a20c59617c5a637cd586cc2aa94e26b23ebb5,youtube::https://www.youtube.com/watch?v=No36fPv4zUw
noFight/nofi042.mp4,0,4cd4edc39da927690a6a8713eada413ea2fb106b607414c1ae3d1edcb73521cd,youtube::https://www.youtube.com/watch?v=No36fPv4zUw
noFight/nofi045.mp4,0,17ca8fc70cca7e3710825a61357e2ee57bd829b9196ae67bb7536950efc1d519,youtube::https://www.youtube.com/watch?v=P-A3ujCib6Q
noFight/nofi046.mp4,0,039a873402ea807478bcd9972ed1b6f3497819826af15031bd49f9dbc669d562,youtube::https://www.youtube.com/watch?v=P-A3ujCib6Q
noFight/nofi047.mp4,0,7801bc0999b278d35bf8660de4cb9cde240b4eaf1ae49a6fc3b4242a2184e586,youtube::https://www.youtube.com/watch?v=P-A3ujCib6Q
noFight/nofi048.mp4,0,3bf109a557d9112578cc82b62cb8d8b051dafc0083d5a28a9e4254b9c7260565,youtube::https://www.youtube.com/watch?v=P-A3ujCib6Q
noFight/nofi049.mp4,0,a4a9af7a9332cabd431bc765140a0b3b6f5f8ab34e42a019b38476bd46529fad,youtube::https://www.youtube.com/watch?v=PTy2vx8Ejas
noFight/nofi053.mp4,0,a233f5ab8b444115a0fcf69a0563fecf787210ced801ba5ea5ff9131749490ef,youtube::https://www.youtube.com/watch?v=SXMe0yMz6TI
noFight/nofi054.mp4,0,ee06b36d643a537a167bfc070857cc681ce1719bd90e3c8f7c648d9dc56c5a5d,youtube::https://www.youtube.com/watch?v=SXMe0yMz6TI
noFight/nofi055.mp4,0,8dbede9bf025b70842d426a71841f63ccb18f8fbeccbd74bd3d60a387a254bf9,youtube::https://www.youtube.com/watch?v=sZ8MoyrE3s4
noFight/nofi056.mp4,0,20e48124a57121438445db3127468b1a9df9ea7bcfb9dd54a0668e91475bdfa9,youtube::https://www.youtube.com/watch?v=sZ8MoyrE3s4
noFight/nofi057.mp4,0,e71bbc6c0af7e370ad739a2c7a453efd5ed6ce57388d6a70f0a8e732a4272e8c,youtube::https://www.youtube.com/watch?v=tf_X7GtOGyE
noFight/nofi058.mp4,0,cfd24be491f66c4cf22d5406e087fb8ae615e460e86727d8c7d1bc5f99d25d11,youtube::https://www.youtube.com/watch?v=tf_X7GtOGyE
noFight/nofi059.mp4,0,53e25e408a967969187aa514fb6a767ef7850801dc6778c11411c5094365cde2,youtube::https://www.youtube.com/watch?v=tf_X7GtOGyE
noFight/nofi060.mp4,0,6c4048e5025947d905e5889b745de46ca43ca3a460004754bf115a90730d55d6,youtube::https://www.youtube.com/watch?v=tf_X7GtOGyE
noFight/nofi061.mp4,0,37517bbc8b442f2eb6e8b82f7c0d55a78fd0e2131965e1914171c5869531eaca,youtube::https://www.youtube.com/watch?v=uss1EmwHVYQ
noFight/nofi076.mp4,0,c057c682b2cade56770d4cd2c78a6733d73f49bce73f9bb18feb78d212e4aa72,external::nofi076_ambiguous_camnet_or_synopsis
noFight/nofi077.mp4,0,89b0f17a53f8198999a2b060ec62f12afaaeb7ee7475301b51263aa2a97aa3c1,external::synopsis
noFight/nofi078.mp4,0,516c92389936b6403f920e8ea8a13d26d7186ae958037ac8404d3d46467a9a44,external::synopsis
noFight/nofi079.mp4,0,18e057e1b0c30f0e62b6fa4e207eec90a0b3fa81f70b2c15accf40c0722559e9,external::synopsis
noFight/nofi080.mp4,0,26f95b0bbdbf261c90e7e506d2c08b7fdc3a5a21046572d088fe6ed79d0bd5c3,external::synopsis
noFight/nofi081.mp4,0,9468efbe728008bfaa167a91fc19e1515601265e2decf876ae8bdf5ae1c749cc,external::synopsis
noFight/nofi082.mp4,0,508914ee640fbafd021e085ea21d11bc8cd871cfba6893d0b7c1786bceb8c7b2,external::synopsis
noFight/nofi083.mp4,0,d441cead84e6bf06d05203f952980935371196f13ec54776977c8b6d81b1656f,external::synopsis
noFight/nofi084.mp4,0,c623f873e277a71079f5a620b0f1ff6d6b04e47a9d3100b5869d898338985554,external::synopsis
noFight/nofi085.mp4,0,46983ac15ab56e370bb886a63703edebd41adc5f6948c73b2e591e4ee859bdfd,external::synopsis
noFight/nofi086.mp4,0,50a2ea1c45790aa35bdf9803c6012fc647d3d9bbfc3b8df21472f2912a0c54be,external::synopsis
noFight/nofi087.mp4,0,60c49e60bbbd6c5786f6a1bef11b831262aeb010249c05930f56fda904ee6e61,external::synopsis
noFight/nofi088.mp4,0,79808119a32d274083a511fd26412f0fa52dd9fffcf8ee22b6ec2f7d75215927,external::synopsis
noFight/nofi089.mp4,0,7ccfd495a7429ff9f9f5961106c1fee9e910f598f6d91cd31d07d210ea999f9c,external::synopsis
noFight/nofi090.mp4,0,3ac038a6caba9f6391e63ba962fc50505e975d9c1d286faeab5e25ad9434e224,external::synopsis
noFight/nofi091.mp4,0,3c8b20354eb46dfb79a2c27f8ab0a5aa1d6ab3a3f2a1deaa6dd4d6264d3182f7,external::synopsis
noFight/nofi092.mp4,0,0e70173339b2ff9c35798fe451b30c4ef2832ffa26f602a87f746659443b7e47,youtube::https://www.youtube.com/watch?v=uss1EmwHVYQ
noFight/nofi093.mp4,0,e1ef358cd24b44bf382bff417c17b59824b643a76122f034f846bfe8288f8871,youtube::https://www.youtube.com/watch?v=v4dhdnsxiX4
noFight/nofi094.mp4,0,7c0765149be7275cb4cde156ba0f4c75ad5ebe6d7bc8bf821a8395691d49fd4b,youtube::https://www.youtube.com/watch?v=v4dhdnsxiX4
noFight/nofi095.mp4,0,420db3eac8fa45717c8a122356fa41199e20327dc60e24bfef7d225dc7fd2a92,youtube::https://www.youtube.com/watch?v=v4dhdnsxiX4
noFight/nofi096.mp4,0,9beb40784935f20682397688b21894c6ce58be68e9a0e3d3f37e088562136dea,youtube::https://www.youtube.com/watch?v=V726w0IKCp4
noFight/nofi097.mp4,0,115b1d84e156fcc79160857b6fd97fe9d3bc00bc2e4bf05689fb8c1a54a07df0,youtube::https://www.youtube.com/watch?v=V726w0IKCp4
noFight/nofi098.mp4,0,1ae85d0f0b3220af8c5861d90405d007ea8f9a04439fc0923a093c251caf478f,youtube::https://www.youtube.com/watch?v=V726w0IKCp4
noFight/nofi099.mp4,0,c59015ff54f4b55be2d62273878d639264df4e3432f40e4993f85199ec10cb80,youtube::https://www.youtube.com/watch?v=Wq0BuA8GM84
noFight/nofi100.mp4,0,60eb044b1b314848aded3b51929226ae67a253daaff4027a53c82315212412cf,youtube::https://www.youtube.com/watch?v=Wq0BuA8GM84
noFight/nofi101.mp4,0,90b1660e70b7d83f8b4eaf9e66673074480c92416660e505076f76e6f0b1c0a1,youtube::https://www.youtube.com/watch?v=Wq0BuA8GM84
noFight/nofi102.mp4,0,c3719d5f3c1586fcc0e6d5b9cb8afa85781fe9a50d416efeea7b138fbbc45262,youtube::https://www.youtube.com/watch?v=Wwu20e9pfxg
noFight/nofi103.mp4,0,dcebfc457b2288bf61ce64e1095d51f699c9d683217faed876462c70449d40a9,youtube::https://www.youtube.com/watch?v=Wwu20e9pfxg
noFight/nofi104.mp4,0,50b8637ea74cd2d6b5c75068e7946e83e743ca6d7e2e51a915593da07ede77f7,youtube::https://www.youtube.com/watch?v=Wwu20e9pfxg
noFight/nofi106.mp4,0,2e044772a310e20d9c384d91612265ca4cceec3853bc2a023f83568e26485552,youtube::https://www.youtube.com/watch?v=yudUno5SgdY
noFight/nofi107.mp4,0,5d51b9a43e6b741085fa8a24be8dc541493179eeba69b6e56073d4a96c29408d,youtube::https://www.youtube.com/watch?v=yudUno5SgdY
noFight/nofi108.mp4,0,e16545e9c6a12b0655e12966f287b3fff02d5124195158d158b9c0d02de7eedc,youtube::https://www.youtube.com/watch?v=xCh8elUs3Lc
noFight/nofi109.mp4,0,9dd0f2b5a4733523201fddbd3b8101d8dc6682540b1ac49b3a070c449360a5e0,youtube::https://www.youtube.com/watch?v=gZDH9kWucNM
noFight/nofi110.mp4,0,dd3aca85eb43b4d508a65b6e43899561c19bc416f18ae473a5d82fa977f1f0f4,youtube::https://www.youtube.com/watch?v=gZDH9kWucNM
noFight/nofi111.mp4,0,4bea58da8a2202ad6e43787dae426ad2f429fe326ec203a73546ad9e4c6370d9,youtube::https://www.youtube.com/watch?v=gZDH9kWucNM
noFight/nofi112.mp4,0,2c1342224edd24459c1046e1fa37487fea626452f5393f2f0d56c5b912321d96,youtube::https://www.youtube.com/watch?v=gZDH9kWucNM
noFight/nofi113.mp4,0,71fb8f37a41e5db2a9cea4b01ba71f215786691a8fa9d256af9a0de817cf5809,youtube::https://www.youtube.com/watch?v=gZDH9kWucNM
noFight/nofi114.mp4,0,0c1852d60d20bbc1247c347ba7a79299dc8f7b15ecdcc509f4dba1ad779d7428,youtube::https://www.youtube.com/watch?v=gZDH9kWucNM
noFight/nofi115.mp4,0,8e2834726bd5f19657c0a87f95d918b737569ced6096e477fa57f651c71066d7,youtube::https://www.youtube.com/watch?v=gZDH9kWucNM
noFight/nofi116.mp4,0,7000391ed37b3767b60ab3d1bca67ca46e6aa35ce76121626f720d812027c0e3,youtube::https://www.youtube.com/watch?v=gZDH9kWucNM
noFight/nofi117.mp4,0,aa5af9d423439c670a51ffba6f18890a4b32aa29693c1c44a8b7cd3fbef6074d,youtube::https://www.youtube.com/watch?v=gZDH9kWucNM
noFight/nofi118.mp4,0,2424ddac6c4342173c6f10ceb0e597cd7644767252647e6d05c3a1fc5fc3ff85,youtube::https://www.youtube.com/watch?v=DXybks-LsLo
noFight/nofi119.mp4,0,edca85e1e5ca0556b124a4b3cfe95baa2839e0cce5199c86d3482b6d125a4e54,youtube::https://www.youtube.com/watch?v=DXybks-LsLo
noFight/nofi120.mp4,0,5fb43410edd4560d0028e4446da61f71427f215aa44335c039683ab8a36c03b6,youtube::https://www.youtube.com/watch?v=DXybks-LsLo
noFight/nofi121.mp4,0,84935bf5227db671afdbf11f5089b09f955277ceed5b467d56c78d874525b8fd,youtube::https://www.youtube.com/watch?v=DXybks-LsLo
noFight/nofi122.mp4,0,76359b32a9b97d406ce3c2ef88bb982dc03d9e08fc0e08cca0e0cfc99bcd91c8,youtube::https://www.youtube.com/watch?v=DXybks-LsLo
noFight/nofi123.mp4,0,65910551af968368d17cf5d626372716203aaef41c906c52360ec825baeb9c7f,youtube::https://www.youtube.com/watch?v=DXybks-LsLo
noFight/nofi124.mp4,0,572d828b8f71e5e3732a4ef75e1321c36bcc975eab975dc05a73a6f0589d40f6,youtube::https://www.youtube.com/watch?v=DXybks-LsLo
noFight/nofi125.mp4,0,15da6dfe7aa3e539830e876d7767f25d3bf85f22f856cf935428d481ceaf9e1b,youtube::https://www.youtube.com/watch?v=DXybks-LsLo
noFight/nofi126.mp4,0,6da976cc5988fe4d164f474e408aa5bc4eff1a079f31ef8f24baf3b850f4dabb,youtube::https://www.youtube.com/watch?v=DXybks-LsLo
noFight/nofi127.mp4,0,5e8fe54d97ee963250342ca3bf617f2e5ea211c9b7d72ece5df50161aa1291b5,youtube::https://www.youtube.com/watch?v=DXybks-LsLo
noFight/nofi128.mp4,0,2f907a3370d65221a8a8acd8861c252e4dcf2e7ff6ddc239b03661e6dcc258de,youtube::https://www.youtube.com/watch?v=DXybks-LsLo
noFight/nofi129.mp4,0,920c6119bf06396904c4efdec7f5c21fda9c4e11a3ba30203e5c896c1a7f238d,youtube::https://www.youtube.com/watch?v=DXybks-LsLo
noFight/nofi130.mp4,0,92a754570a89032c20dc2eb608535c7f355c59f7e0ecfed169b4b9f604f6570f,youtube::https://www.youtube.com/watch?v=DXybks-LsLo
noFight/nofi131.mp4,0,eb282fc2e384ab80db34191aba9b5c8c7a528d3e08d0032d64a8bbf67621c683,youtube::https://www.youtube.com/watch?v=DXybks-LsLo
noFight/nofi132.mp4,0,c2174be3da9959d74e6ae90b1141b6ed2e0577cf904237af525f7c9871dde25a,youtube::https://www.youtube.com/watch?v=DXybks-LsLo
noFight/nofi133.mp4,0,f3fdc4cfb9a0911182b62e46dc6c99b3303ff09e81924c72a8d0a407300d9ed5,youtube::https://www.youtube.com/watch?v=DXybks-LsLo
noFight/nofi134.mp4,0,880155846cd9f910cc7219d0d46ec76a6fb3244d05a93564ef3c6ed14662715f,youtube::https://www.youtube.com/watch?v=DXybks-LsLo
noFight/nofi135.mp4,0,a0bf59dd42647a9f72c0885f66c603604f5ee1637116bb0bf4a43a67139c7196,youtube::https://www.youtube.com/watch?v=DXybks-LsLo
noFight/nofi136.mp4,0,6824f982282e63ebb726f84448676978d1d4be8243d8b77d62b29f22a5870ab1,youtube::https://www.youtube.com/watch?v=DXybks-LsLo
noFight/nofi137.mp4,0,09d17d1f43d3b7670b784a2725ff558487d8395cd3c41e352cd138689a579077,youtube::https://www.youtube.com/watch?v=L-xyzcwCDCA
noFight/nofi138.mp4,0,1c8314471b8dd1cc8946fbe47b9a2dd55d7701be0ef6d7fda6c72713db922e73,youtube::https://www.youtube.com/watch?v=L-xyzcwCDCA
noFight/nofi139.mp4,0,7a34e5ed7b2b6f0156eea2ecd0c04307f0c7ce5d6888158e018618a76ae61bf2,youtube::https://www.youtube.com/watch?v=L-xyzcwCDCA
noFight/nofi140.mp4,0,ed4fc2baa3760f428bac0064fead00be40a046f2bc340f95943c0fcb8ea1681f,youtube::https://www.youtube.com/watch?v=L-xyzcwCDCA
noFight/nofi141.mp4,0,27c17e4b66947d1053eb0c3fd91cc25dc207076340ae9753a547316e3447c84f,youtube::https://www.youtube.com/watch?v=L-xyzcwCDCA
noFight/nofi142.mp4,0,9ec87964d534d505f088aeedc8b489eef63b8951ff978465bef1dbe53da06d7c,youtube::https://www.youtube.com/watch?v=L-xyzcwCDCA
noFight/nofi143.mp4,0,5cc1dbfc1b8a09067a7f6b16c06f09b1d76482012c9d67a7e14bd740f7b24b21,youtube::https://www.youtube.com/watch?v=L-xyzcwCDCA
noFight/nofi144.mp4,0,34b30f15bd73ce78b79491c6c341e3d9c7544bc6780a4879158f95180fea1fe2,youtube::https://www.youtube.com/watch?v=L-xyzcwCDCA
noFight/nofi145.mp4,0,a710811760ef7874894698764c07975d8a1a7878fbbefaba5dbc8f5ec56b745e,youtube::https://www.youtube.com/watch?v=L-xyzcwCDCA
noFight/nofi146.mp4,0,7e2bd222fed5cd5c8a12f44634674ffc828ad6ead9071df3e0fa4784f1b2dfa1,youtube::https://www.youtube.com/watch?v=L-xyzcwCDCA
noFight/nofi147.mp4,0,43a1b427961d85e4eb11129196bc3c46bc971405269dbde61dda2b9920a8ff1c,youtube::https://www.youtube.com/watch?v=3uO1UUh5C-U
noFight/nofi148.mp4,0,ea821f492f99ccb3d28010cb8cc2895417c0bb814a47398c963e7d29e6e1b957,youtube::https://www.youtube.com/watch?v=BpargJW29Wo
noFight/nofi149.mp4,0,ff8a493e619a2e09e115ef1bc742550ff774b76f019c31434bf8c0dbd7038616,youtube::https://www.youtube.com/watch?v=BpargJW29Wo
noFight/nofi150.mp4,0,53b4ed6229d2208fa2c0fb783665446ac04555d10cf0df84bbd8c40c541e16ff,youtube::https://www.youtube.com/watch?v=d2xXLU4JKwI
fight/fi001.mp4,1,06feae2185f0e181660fe6a3fd0e8c6a65495bfe86a4bd980dd9e096fe4c2234,youtube::https://www.youtube.com/watch?v=7q6KJoSgxmY
fight/fi002.mp4,1,6a0177197f681098963da5e978ca0ce8e418735dda529e35621cc2cec280bf9e,youtube::https://www.youtube.com/watch?v=7q6KJoSgxmY
fight/fi003.mp4,1,b8ac10d529e1e9b2ee715344c88dfa6083d859c1b7955ad20cc7f27aca5f6305,youtube::https://www.youtube.com/watch?v=7q6KJoSgxmY
fight/fi004.mp4,1,9346c79d26ed75f97447dc4a1c57f0e1bc4defe9d9380bb3a0d007222128574b,youtube::https://www.youtube.com/watch?v=7q6KJoSgxmY
fight/fi005.mp4,1,ade04b1731db4abedec889bc648fda2bbd48a4e3798e106227649bf8bd5889bd,youtube::https://www.youtube.com/watch?v=d2xXLU4JKwI
fight/fi006.mp4,1,7ced218741b5bb61005582eca4043dcf0a02a40eca144a375747b17600337cd1,youtube::https://www.youtube.com/watch?v=d2xXLU4JKwI
fight/fi007.mp4,1,6345ccd81ac2d36b4bd21250e88d80c5925147bc41c023d882535319e28f3b0e,youtube::https://www.youtube.com/watch?v=d2xXLU4JKwI
fight/fi008.mp4,1,bef932c1cd42ce3db86cb1decbc5b6d4c80a801a76e44a030e4d229b4eef406b,youtube::https://www.youtube.com/watch?v=d2xXLU4JKwI
fight/fi009.mp4,1,8a7f06dfb2617d682c6fee2320a799601d55ebe17fc2dc5184cc59663d619a2d,youtube::https://www.youtube.com/watch?v=d2xXLU4JKwI
fight/fi010.mp4,1,e92b3272fd1e2e67859eaecc3099847e9196d65e7bd6cb68cec4cb4908d39604,youtube::https://www.youtube.com/watch?v=d2xXLU4JKwI
fight/fi011.mp4,1,0b62bc7de66976072f3b2d896ddc82ffa33747fce30c27419c336556e5c1c305,youtube::https://www.youtube.com/watch?v=d2xXLU4JKwI
fight/fi012.mp4,1,2598c295b57356f7eef590803f2c375c36e84c620849f4c6857b84530344847e,youtube::https://www.youtube.com/watch?v=d2xXLU4JKwI
fight/fi019.mp4,1,971dc4a8b97e5b13f0638858aad3d46e14f6a096b38d3083e9ef331766486afc,youtube::https://www.youtube.com/watch?v=P-A3ujCib6Q
fight/fi020.mp4,1,4362d068a9d5fd9097301ebfcfc2d99c2b83c18af1fcfd07cb8b033f96d01970,youtube::https://www.youtube.com/watch?v=P-A3ujCib6Q
fight/fi021.mp4,1,49ebbd2ca52cd70377d4eedea099404b97dbd1565722a3ce9c32869ee801855c,youtube::https://www.youtube.com/watch?v=P-A3ujCib6Q
fight/fi022.mp4,1,1fdeae8e37072dd8a8bc7630baad10e1657d6501dd231f8bbb7db83dd42a6780,youtube::https://www.youtube.com/watch?v=P-A3ujCib6Q
fight/fi023.mp4,1,dd3318bb9bfb99ed24694f082f7d00fabf2d3a2764cda59478e99a06ebb86600,youtube::https://www.youtube.com/watch?v=P-A3ujCib6Q
fight/fi024.mp4,1,d8013813e8c6bc3009911af25c9a9866bdf812bc33090a057622d5a54d99286f,youtube::https://www.youtube.com/watch?v=P-A3ujCib6Q
fight/fi025.mp4,1,cbec1959bc8e13ed2cb51504d203e003005480e6ae6e000a4dd91cd6180cb10b,youtube::https://www.youtube.com/watch?v=P-A3ujCib6Q
fight/fi026.mp4,1,cbbde3c9495ba3b3126f1f80f42fc331b4c9066d444b80c29d1be8a3995dcee1,youtube::https://www.youtube.com/watch?v=tf_X7GtOGyE
fight/fi027.mp4,1,b995c1c4bbbd1b26f9de95cf349db47e4c5bed67db64760a39e7aac5e7fc6fab,youtube::https://www.youtube.com/watch?v=tf_X7GtOGyE
fight/fi028.mp4,1,dff6c2b8052f5c366fc9defbcde7cf0c57b83c1c2602eac3ee0933b21a72dd26,youtube::https://www.youtube.com/watch?v=tf_X7GtOGyE
fight/fi029.mp4,1,486190dffbe31ae19c81f580dbd642dfb2b27e2478017d8970b3e1df69f854d1,youtube::https://www.youtube.com/watch?v=tf_X7GtOGyE
fight/fi030.mp4,1,de6fc029ab24cb41863eba64100eea0b7b34d04d9e36b473b2157d8da5da7e1c,youtube::https://www.youtube.com/watch?v=tf_X7GtOGyE
fight/fi031.mp4,1,183815e79c69479cfa7d7d574f7ddd3254b9f06fe960037ebe04a59d21bec41e,youtube::https://www.youtube.com/watch?v=lmfaDmCCRoY
fight/fi032.mp4,1,78d55cd33d0c8e7330337d21d3031b1eb51823bf225658ed9ecd8b2dbd832264,youtube::https://www.youtube.com/watch?v=lmfaDmCCRoY
fight/fi033.mp4,1,ffbbb6bcdf798cb20faeca7cc516cd0b120a7fe13313ecac4055598eef57e6da,youtube::https://www.youtube.com/watch?v=lmfaDmCCRoY
fight/fi034.mp4,1,3a4e0474381ec29d4204c28fdeb1e57b60024037bfe06c1a4687740564072536,youtube::https://www.youtube.com/watch?v=lmfaDmCCRoY
fight/fi035.mp4,1,8f30a683d93dec4517ddfeb79990a3ccedfa01109ee60f88b3e7e309ffb40ae4,youtube::https://www.youtube.com/watch?v=lmfaDmCCRoY
fight/fi036.mp4,1,f44267443ec55d8acac60666ea0f5345d08934a533398be6e0033abb6c6bc7ec,youtube::https://www.youtube.com/watch?v=lmfaDmCCRoY
fight/fi037.mp4,1,199644a51027a43ad4c9d7968c3f57e4d40bfa59b56eceff942b0e135351c243,youtube::https://www.youtube.com/watch?v=lmfaDmCCRoY
fight/fi038.mp4,1,bd1c72f6df38b3c0f9e55b03d55658a20714ddb9543bf87e2a53a2757084937c,youtube::https://www.youtube.com/watch?v=lmfaDmCCRoY
fight/fi039.mp4,1,02d84f4c8bb5adfd3be321f7db6723f5b5ecd395ec98f184c339d22ef9b1a262,youtube::https://www.youtube.com/watch?v=lmfaDmCCRoY
fight/fi040.mp4,1,f34758e08d11ab27fa2b411abc372ee4227f5f77548971aa6e0df54ce1a80f56,youtube::https://www.youtube.com/watch?v=lmfaDmCCRoY
fight/fi041.mp4,1,3274402a63c1232290ace4bb991ac618b5d673af97a8658a891d4c00a9bb7bd3,youtube::https://www.youtube.com/watch?v=lmfaDmCCRoY
fight/fi042.mp4,1,10cec908df70ec8a52d8901e18531f29e781ef03e3a85b326c16d5eac277c2a8,youtube::https://www.youtube.com/watch?v=lmfaDmCCRoY
fight/fi043.mp4,1,4a81c4d90e561b218852609a6fed7802c58b7d19a5a63e37760c9a4de86b0651,youtube::https://www.youtube.com/watch?v=hBxGTZQExtI
fight/fi044.mp4,1,37c87f0b8c772f7e1ee3a4462f594e4f8029eb4de478760443da543bd14ee807,youtube::https://www.youtube.com/watch?v=IZjLv7alWTk
fight/fi045.mp4,1,5ee328544a990f5f9682fb516109bf5546ae33eedc37f55a37c247959670c686,youtube::https://www.youtube.com/watch?v=IZjLv7alWTk
fight/fi046.mp4,1,a0667315af9d3cff7a099636d3a450f333df3f4fa24e63608a49f9f00a7d2937,youtube::https://www.youtube.com/watch?v=IZjLv7alWTk
fight/fi047.mp4,1,ee8d64ff2ad0f7f36c5a33dbe15beebcd0b666e1c6fe00aaf281b4ca0e6ea2cc,youtube::https://www.youtube.com/watch?v=IZjLv7alWTk
fight/fi048.mp4,1,33f4a34ad7d1ac1e531cb615966ecc4cb218fe269f6bae47d05d1ae6662ce547,youtube::https://www.youtube.com/watch?v=IZjLv7alWTk
fight/fi049.mp4,1,61d2f49efb0b3d76f5021840d26e803b15fe6a5724f3ec7979601a85e8fafc1c,youtube::https://www.youtube.com/watch?v=IZjLv7alWTk
fight/fi050.mp4,1,706dfb9f5cf9dba89d588eaa31fa3689295b6ddfcb0ba87297cb5c8c40f5b15e,youtube::https://www.youtube.com/watch?v=IZjLv7alWTk
fight/fi051.mp4,1,fa69c75c6694e1ede433e59fcfef60aa5e5526fd6e4468b7df4cd0801e0fc5bd,youtube::https://www.youtube.com/watch?v=No36fPv4zUw
fight/fi052.mp4,1,1f638e072089027953fbec28d4a3240cb86a233e846de68b0477bd7db3493d06,youtube::https://www.youtube.com/watch?v=No36fPv4zUw
fight/fi053.mp4,1,c2483cf975c13222b915e37ed0e790da141c80104d10ca852b719ab6382646af,youtube::https://www.youtube.com/watch?v=No36fPv4zUw
fight/fi054.mp4,1,96bf00942f4b0f69806814239d29c226d56fcda6edcb0ca4276d7443962176e4,youtube::https://www.youtube.com/watch?v=No36fPv4zUw
fight/fi055.mp4,1,c6cc19b32da5bebd3c9fe7832d9390c652fb10caf115ece53199eb07865da39f,youtube::https://www.youtube.com/watch?v=No36fPv4zUw
fight/fi056.mp4,1,e8102911deb3cbc17779a1de06458e5e6bde7d3018f208f9329d75325fa0db77,youtube::https://www.youtube.com/watch?v=No36fPv4zUw
fight/fi057.mp4,1,aca4e04262ef6cee23e02d2b443d3a0a0248f7326cc7e82233fb68b7711d3a02,youtube::https://www.youtube.com/watch?v=No36fPv4zUw
fight/fi058.mp4,1,a7e8e19d326ee995c6f655270563787dca5780b3d94cd9ef86b1b0b03f355959,youtube::https://www.youtube.com/watch?v=No36fPv4zUw
fight/fi059.mp4,1,7f7524752db40069f8e6cad8c7c5628922225c0b74bc99789406f49e9f50d1dd,youtube::https://www.youtube.com/watch?v=BpargJW29Wo
fight/fi060.mp4,1,11b4f3b261dad2fa2d1b7c4339b41b3c5ea46d5c29d7cf09a7baf4fbbec7c8a3,youtube::https://www.youtube.com/watch?v=BpargJW29Wo
fight/fi061.mp4,1,789c06fb0dd61478af464b0ec586c633c10652f79065b3a8e46eb824838b169d,youtube::https://www.youtube.com/watch?v=BpargJW29Wo
fight/fi062.mp4,1,3e96dcf5169f8bb00058787be81eb60c0ac00e0680a71b887f47b2361790b6cf,youtube::https://www.youtube.com/watch?v=BpargJW29Wo
fight/fi063.mp4,1,3e32856a89420b59c77fac0842f2ab390c1e2e0724c44bffe751ed9c2a741f92,youtube::https://www.youtube.com/watch?v=BpargJW29Wo
fight/fi064.mp4,1,36e1efb7d8bb9af3216e07109517abc67b8497ae2be293e541697a972b8f2d0f,youtube::https://www.youtube.com/watch?v=BpargJW29Wo
fight/fi065.mp4,1,8529248006044cbb4c65966cf0aa3410e71c8ba87e82b09a3deb62d533a19208,youtube::https://www.youtube.com/watch?v=V726w0IKCp4
fight/fi066.mp4,1,d041d2abf275b085eb8718676774b4930f0983b6a4d7ee0b020571ed47226bf6,youtube::https://www.youtube.com/watch?v=V726w0IKCp4
fight/fi067.mp4,1,eb6ff53b301e50bafb661fea4fdab0844a7989f2b0da53ba5c539b7a5380220a,youtube::https://www.youtube.com/watch?v=V726w0IKCp4
fight/fi068.mp4,1,dab83041e47e084f34ef2fbd7ac971f3fe781686cd2245d85c6fe0025f9b5e77,youtube::https://www.youtube.com/watch?v=_XCysP1Ok3k
fight/fi069.mp4,1,9bdb33131af1d403879513afd9c63cec1cf1b3aa1e0ff0e705ea8a88825bbcbb,youtube::https://www.youtube.com/watch?v=_XCysP1Ok3k
fight/fi070.mp4,1,342b6fdd2c9d95ca85c3e74eca12d665ab0768b9104952a564d17aa89e2def70,youtube::https://www.youtube.com/watch?v=_XCysP1Ok3k
fight/fi071.mp4,1,b4a3367753adbd82be15178ec59e4b039ed02ed370a8d5861277a18c800e2cc8,youtube::https://www.youtube.com/watch?v=_XCysP1Ok3k
fight/fi072.mp4,1,46bebf4f52fefca67c33575cb2ea0949a716daa3f2868dc84ac536b0a955dd7e,youtube::https://www.youtube.com/watch?v=_XCysP1Ok3k
fight/fi073.mp4,1,e01da1a052ed084d8d62949df023dfc568f4ec869741d62f7ef7aa6ad7313fb2,youtube::https://www.youtube.com/watch?v=3uO1UUh5C-U
fight/fi074.mp4,1,973722dbb6953a5be2962e72c6f274f1ce98dc639208b4fc770b6fdc46ce8b4d,youtube::https://www.youtube.com/watch?v=3uO1UUh5C-U
fight/fi075.mp4,1,f51e2f5108a6b6b023870a35bfb5d211c4bfbebc2111ce2254e51091a2b6f1b7,youtube::https://www.youtube.com/watch?v=06YeBB51WxI
fight/fi076.mp4,1,e6106992982e78f0dc0545e98809dbbb117527c9a27b23579abb7522066d6d21,youtube::https://www.youtube.com/watch?v=06YeBB51WxI
fight/fi077.mp4,1,422ae548ea9a61a2593dd09e492fcc00161b570ed4a5f7135520e90da2561ef7,youtube::https://www.youtube.com/watch?v=DVi04Mxaz60
fight/fi082.mp4,1,808ceda116b348ca2775db37d7a967145ef49706e2332eaad812f78cefcd8ca3,youtube::https://www.youtube.com/watch?v=8-cqrFXPEtY
fight/fi083.mp4,1,49378ea476ebed6b05525c3150a993ded6e041fe1b290df4f2dd2bdfce73d921,youtube::https://www.youtube.com/watch?v=8-cqrFXPEtY
fight/fi084.mp4,1,dc20c59bc5f7735a10328d43540a4e44a31c98d71e4fa056d262c4e6104daaed,youtube::https://www.youtube.com/watch?v=8VqTmuq4HcI
fight/fi085.mp4,1,1db9b514bfa184c3cbbfa7cc16aae0348f8be7f02253c668c0c8437ddffcaed4,youtube::https://www.youtube.com/watch?v=-9z5dwsPS-c
fight/fi086.mp4,1,da63731e8cd1c38ebaacecb6a0c1f26111c1270ca24b2733d68d6914cd761e1d,youtube::https://www.youtube.com/watch?v=-9z5dwsPS-c
fight/fi087.mp4,1,212dfe04d658f15445f7afd1b7a54a2c274a91600ef4327960aadf6efd4de42c,youtube::https://www.youtube.com/watch?v=-9z5dwsPS-c
fight/fi088.mp4,1,a41541b7c5c2d8fc3f471ad853d050dd8ea8645e8f23f8c927129a6b69f4869c,youtube::https://www.youtube.com/watch?v=-9z5dwsPS-c
fight/fi089.mp4,1,3940ec1d2b0223cc1cdb823fd432c4c8600ad2e6af71311178a98e175d167e72,youtube::https://www.youtube.com/watch?v=dVi_8-NHquo
fight/fi090.mp4,1,892fb1d81538a72919619ddfc417b53395d4da7e2dcb6bdc72f70189aed19c3f,youtube::https://www.youtube.com/watch?v=DVi04Mxaz60
fight/fi091.mp4,1,83b97fd849f0dc237437cf5d9df579a24f1807a05d85f31b4d7b373e1dbc498f,youtube::https://www.youtube.com/watch?v=DVi04Mxaz60
fight/fi092.mp4,1,5bc933ee20a1253a3af64d9e53c0244d30e7dc15dff084238b6558a5f62719e1,youtube::https://www.youtube.com/watch?v=DVi04Mxaz60
fight/fi096.mp4,1,0f9aadfe6685505c1647977d800044ae95f70362eb8bdcdab0f30e847cde5d13,youtube::https://www.youtube.com/watch?v=f8D5VFeTLK4
fight/fi097.mp4,1,10e142f06d7938861af898889a778c2973912a41058d68c8067dc696f8fff418,youtube::https://www.youtube.com/watch?v=f8D5VFeTLK4
fight/fi098.mp4,1,74a2a50772404f79b4e24affe1a74ba65b2bc9dc8826111a2431f24563b96baf,youtube::https://www.youtube.com/watch?v=f8D5VFeTLK4
fight/fi099.mp4,1,214c4897a4dd0c1c7e715264f808be3fbdede579031c898548ad3b2fa48d011f,youtube::https://www.youtube.com/watch?v=g0x9-0pOuhw
fight/fi100.mp4,1,3906bc9b89727a7be206b1a323854e7a59e457118b02e204b95ccb58ef190bba,youtube::https://www.youtube.com/watch?v=g0x9-0pOuhw
fight/fi101.mp4,1,6a69c1d1a6629b68a5ee44c81960a42b8818907b330e1d2ec3c8282ca5f37ff4,youtube::https://www.youtube.com/watch?v=g0x9-0pOuhw
fight/fi102.mp4,1,098c2149ac0c064b6e84adf6d82343281b0688eb7c04063650fd4dcf1b51dafa,youtube::https://www.youtube.com/watch?v=g0x9-0pOuhw
fight/fi103.mp4,1,ece06a9c29b18532f10ec2f5531451c0461856e11b18aa9970259e218cbddca4,youtube::https://www.youtube.com/watch?v=g0x9-0pOuhw
fight/fi104.mp4,1,f53334e17cfdd5e74888f8752306793bf92ec57f2102d57a8e76e09f5199431e,youtube::https://www.youtube.com/watch?v=g0x9-0pOuhw
fight/fi105.mp4,1,fa621bb9bff6c9440ef94ebbed9772523629ac987cf88c4e19b7eb77c3aaf860,youtube::https://www.youtube.com/watch?v=jQeOqXpcKqg
fight/fi106.mp4,1,9201b7e29ec26f6a0f146ffaa7c80fb85c96abaf4dfaac9711df8d47d33d7c18,youtube::https://www.youtube.com/watch?v=jQeOqXpcKqg
fight/fi107.mp4,1,7199ab4e3e93df9e69f6bbbf4933d577dbd7f919cc284ae20dafd3decb390e23,youtube::https://www.youtube.com/watch?v=jQeOqXpcKqg
fight/fi108.mp4,1,dee1c052d84c69b2948d342b65ee1c6871ab2db4d259bd5b219cd774d936d34f,youtube::https://www.youtube.com/watch?v=jQeOqXpcKqg
fight/fi109.mp4,1,f99d48ef3e19a96b9ab5c2b08db1258f4008f97e51cc6e983512359f6a3d9ed5,youtube::https://www.youtube.com/watch?v=KSybYlMepTE
fight/fi110.mp4,1,287c0d474e116963edef5eb057d46ea21b718ab1ef708e33a185fae7aedbe333,youtube::https://www.youtube.com/watch?v=lUXfWnnCxyY
fight/fi113.mp4,1,b376621dc3e749da61002de605dc8bb6a039872582f54dfce5d6ad0af8cb5e6a,youtube::https://www.youtube.com/watch?v=PTy2vx8Ejas
fight/fi114.mp4,1,59d19e6ff630b1a51c58d3e4f2dfeedb6fb2b41887d416851ec755fbab121806,youtube::https://www.youtube.com/watch?v=PTy2vx8Ejas
fight/fi122.mp4,1,154772251e2c15fa5121a3063a9b5a2107d20412cdc4c4888d059d8df9908d22,youtube::https://www.youtube.com/watch?v=sZ8MoyrE3s4
fight/fi123.mp4,1,1c3ee78d74f9655af97a8454bcbaed39c44e6515f5622cf924fc188a05d41781,youtube::https://www.youtube.com/watch?v=sZ8MoyrE3s4
fight/fi124.mp4,1,26a8ac41e26999e0f4c410788a6aeb7088f039b93f684b0eb2c20b588d593db8,youtube::https://www.youtube.com/watch?v=uss1EmwHVYQ
fight/fi125.mp4,1,15fb381ced328f90a76ea2fa238e8e4488cb8fa4e81c3dcef9d044b431434109,youtube::https://www.youtube.com/watch?v=uss1EmwHVYQ
fight/fi126.mp4,1,434bb48cf577ca6c46af844601288b91ab96302d692a822e602a7049ddd7de70,youtube::https://www.youtube.com/watch?v=uss1EmwHVYQ
fight/fi127.mp4,1,09768b9564de3400c35509eedfd43b0f82cb93a155ac95372fb8d90d4cd39095,youtube::https://www.youtube.com/watch?v=uss1EmwHVYQ
fight/fi128.mp4,1,db29694e7f2887b1ee9874ec4f51c5a695b170cd04ff45b7c1024ed82d34c6c7,youtube::https://www.youtube.com/watch?v=v4dhdnsxiX4
fight/fi129.mp4,1,162089019a0ba40390a6f9144639524df6ef430d5cc21322c2dde4caa6179752,youtube::https://www.youtube.com/watch?v=v4dhdnsxiX4
fight/fi130.mp4,1,8395b1a59d2e3910400c667d32453bb76166ad19ce4836cc64562887ae8946e1,youtube::https://www.youtube.com/watch?v=v4dhdnsxiX4
fight/fi131.mp4,1,4e4ee5f9e2b40641d6390168526db53ecff8cc9df61294a885db727ac0a44689,youtube::https://www.youtube.com/watch?v=Wq0BuA8GM84
fight/fi132.mp4,1,a4193ccc87758d3a1c58fc05c95765328fb0bb06274ef9bef097850de0d19355,youtube::https://www.youtube.com/watch?v=Wq0BuA8GM84
fight/fi133.mp4,1,966bc1a0ceed1e468a121d6475b4a936729e8b6982e3746f2bebcab309e52547,youtube::https://www.youtube.com/watch?v=Wwu20e9pfxg
fight/fi134.mp4,1,9f3ab9ec962694e9e6420464e79c48e9b7c2e05f0513a01a60fe05d9e9f00972,youtube::https://www.youtube.com/watch?v=Wwu20e9pfxg
fight/fi135.mp4,1,ff49c7105bf05aa673691269501916c8f83d72042fd42464088d330b18885330,youtube::https://www.youtube.com/watch?v=Wwu20e9pfxg
fight/fi136.mp4,1,46579aabd52396790c5a8e7fa8b4548b762a98b1a0e958044f3c374a0c3f12c1,youtube::https://www.youtube.com/watch?v=Wwu20e9pfxg
fight/fi140.mp4,1,a9f0336a0b0b871139ce83339a4d3e684dc713294034cc895f2130612f932e24,youtube::https://www.youtube.com/watch?v=yudUno5SgdY
fight/fi141.mp4,1,36dc142d482eaccd15b7f54748466fd30ab33b6216bd2f4ba4e66a1f6c54fe1f,youtube::https://www.youtube.com/watch?v=yudUno5SgdY
fight/fi142.mp4,1,5c73458bae974375c85ac249582b7e7efd6f668a25db228f110e332c62bdf98d,youtube::https://www.youtube.com/watch?v=xCh8elUs3Lc
fight/fi143.mp4,1,db35ce9531389abdcbade79fa9c1706d2536c5ecd46d2b8f93bcde8fee116001,youtube::https://www.youtube.com/watch?v=xCh8elUs3Lc
fight/fi144.mp4,1,15654b41a9e0356bb8c063f5973d85bb5e6417be13afdb18a9ee1761829cae41,youtube::https://www.youtube.com/watch?v=gZDH9kWucNM
fight/fi145.mp4,1,d2f65c91d33e29cb3fd749066ba683615448878c9e59d08c0f07ae94bd392a94,youtube::https://www.youtube.com/watch?v=gZDH9kWucNM
fight/fi146.mp4,1,0fd48b124ce25859808f62c2c78d6029af15a9f1b6279d19cb19855d5d0bbf79,youtube::https://www.youtube.com/watch?v=gZDH9kWucNM
fight/fi147.mp4,1,7cbc07f1b97a4f87388eeca63efec1d87ba3604243fa7ba66e3f5f468afbcb07,youtube::https://www.youtube.com/watch?v=gZDH9kWucNM
fight/fi148.mp4,1,f60d1ede3100981e49e2423c33ff0aabdd2327a8f690791cd58a0affd8d286fc,youtube::https://www.youtube.com/watch?v=DXybks-LsLo
fight/fi149.mp4,1,328f963fbe39d6bd86671e325af4d7df93fc2f77f47d90cf1dadad0baf4912bf,youtube::https://www.youtube.com/watch?v=L-xyzcwCDCA
